id,name,model_id:id,group_id:id,perm_read,perm_write,perm_create,perm_unlink

access_training_course_user,training.course user,model_training_course,base.group_user,1,0,0,0
access_training_registration_user,training.registration user,model_training_registration,base.group_user,1,0,1,0

access_training_course_hr, training.course hr,model_training_course,hr.group_hr_user,1,1,1,1
access_training_registration_hr, training.registration hr,model_training_registration,hr.group_hr_user,1,1,1,1
access_training_location_hr, training.location hr,model_training_location,hr.group_hr_user,1,1,1,1
access_training_room_hr, training.room hr,model_training_room,hr.group_hr_user,1,1,1,1

